SKU,Supplier/Contractor Name
TeleTech Communication Towers,RapidLink Enterprises
SignalCraft Network Switches,CommuTech International
TechConnect Fiber Optic Cables,NetGear Solutions
SatComm Satellite Communication Devices,CommuTech International
WaveLink Telecom Antennas,NetGear Solutions
DataStream Router Pro,CommuTech International
QuantumLink Ethernet Cables,NetGear Solutions
GlobalNet Mesh Network Systems,RapidLink Enterprises
SkyBeam Microwave Transmitters,CommuTech International
PrismEdge Optical Terminals,NetGear Solutions
CircuitCore Routing Protocols,CommuTech International
BroadWaves Cellular Boosters,NetGear Solutions
NodeFlex Data Aggregators,CommuTech International
LinkMatrix Signal Distributors,NetGear Solutions
VirtuStream VoIP Adapters,NetGear Solutions
QuantumBridge Modems,RapidLink Enterprises
GridSync Powerline Adapters,RapidLink Enterprises
NetPioneer Network Analyzers,RapidLink Enterprises
PulseNet Firewalls,NetGear Solutions
SecurePath VPN Routers,NetGear Solutions
CloudMesh Storage Networks,NetGear Solutions
UltraFrame Server Racks,NetGear Solutions
FiberGrid Patch Panels,CommuTech International
ZonalWave Zone Extenders,NetGear Solutions
SkySignal Drone Communication Relays,RapidLink Enterprises
